cyl,beta_cyl_disp,beta_cyl_hp,beta_cyl_wt
4,-.13514172,-.11277565,-5.6470232
6,.0036051488,-.0076132268,-2.7801178
8,-.019634122,-.014244082,-2.1924357
