cyl,disp_sum,hp_sum,wt_sum,disp_var,hp_var,wt_var,beta_cyl_disp,beta_cyl_hp,beta_cyl_wt,n
4,-975.8354545454561,-494.2454545454557,-18.319109090909127,722.0825454545455,438.2545454545455,0.32440281818181815,-0.1351418145596048,-0.1127758878194493,-5.647025261242278,11
6,37.36571428571375,-26.885714285715224,-2.1181428571428387,1727.4380952380945,588.5714285714286,0.12698214285714282,0.003605118507451116,-0.007613268608414505,-2.780105939155276,7
8,-1172.320000000004,-481.2000000000013,-16.43680000000003,4592.952307692308,2598.6428571428573,0.576695565934066,-0.019634094912640468,-0.014244121508902613,-2.1924379264497227,14
