cyl,dispXmpg,vdisp,hpXmpg,vhp,wtXmpg,vwt,n,beta_cyl_disp,beta_cyl_hp,beta_cyl_wt
4,-975.835454545456,722.082545454545,-494.245454545456,438.254545454546,-18.3191090909091,0.324402818181818,11,-0.135141814559605,-0.112775887819449,-5.64702526124228
6,37.3657142857138,1727.4380952381,-26.8857142857152,588.571428571429,-2.11814285714284,0.126982142857143,7,0.00360511850745111,-0.00761326860841451,-2.78010593915528
8,-1172.32,4592.95230769231,-481.200000000001,2598.64285714286,-16.4368,0.576695565934066,14,-0.0196340949126405,-0.0142441215089026,-2.19243792644972
