cyl,dispXmpg,vdisp,hpXmpg,vhp,wtXmpg,vwt,n,beta_cyl_disp,beta_cyl_hp,beta_cyl_wt
4,-975.8354545454561,722.0825454545455,-494.2454545454557,438.2545454545455,-18.319109090909127,0.32440281818181815,11,-0.1351418145596048,-0.1127758878194493,-5.647025261242278
6,37.36571428571375,1727.4380952380945,-26.885714285715224,588.5714285714286,-2.1181428571428387,0.12698214285714282,7,0.003605118507451116,-0.007613268608414505,-2.780105939155276
8,-1172.320000000004,4592.952307692308,-481.2000000000013,2598.6428571428573,-16.43680000000003,0.576695565934066,14,-0.019634094912640468,-0.014244121508902613,-2.1924379264497227
